{
  "salachniewicz":{
    "name":"Stan Alachniewicz",
    "title":"Master of the Universe",
    "email":"salachniewicz@sandiego.org",
    "phone":"619-557-2877",
    "twitterhash":"@gareksd",
    "twitterlink":"https://twitter.com/gareksd",
    "list_access":["members","staff","always","nick","stan","brent"]
  },
  "bbernasconi":{
    "name":"Brent Bernasconi",
    "title":"Interactive Editor",
    "email":"bbernasconi@sandiego.org",
    "phone":"619-557-2846",
    "twitterhash":"@bernasconi",
    "twitterlink":"https://twitter.com/bernasconi",
    "list_access":["members","staff","always","nick","stan","brent"]
  },
  "nkarvounis":{
    "name":"Nick Karvounis",
    "title":"B2B Content Editor",
    "email":"nkarvounis@sandiego.org",
    "phone":"619-557-2870",
    "twitterhash":"@Nick_Karvounis",
    "twitterlink":"https://twitter.com/nick_karvounis",
    "list_access":["members","staff","always","nick","stan","brent"]
  },
  "smason":{
    "name":"Sue Mason",
    "title":"Membership Services Manager",
    "email":"smason@sandiego.org",
    "phone":"619-557-2823",
    "twitterhash":"@suemasonsdta",
    "twitterlink":"https://twitter.com/suemasonsdta",
    "list_access":["staff"]
  }
}
