<?xml version="1.0" encoding="utf-8" ?>
<dwsync>
<file name="drag-dots.gif" server="ftp.riptide7.com/www/mylittleemailbuilder.com/" local="131274252920127588" remote="131376326400000000" Dst="2" />
<file name="edit.png" server="ftp.riptide7.com/www/mylittleemailbuilder.com/" local="131274252920937588" remote="131376326400000000" Dst="2" />
<file name="dragdots.psd" server="ftp.riptide7.com/www/mylittleemailbuilder.com/" local="131274252920777588" remote="131376326400000000" Dst="2" />
<file name="imagePlaceholder.jpg" server="ftp.riptide7.com/www/mylittleemailbuilder.com/" local="131274252921637588" remote="131376326400000000" Dst="2" />
<file name="logo.png" server="ftp.riptide7.com/www/mylittleemailbuilder.com/" local="131275992970990883" remote="131376326400000000" Dst="2" />
<file name="edit.psd" server="ftp.riptide7.com/www/mylittleemailbuilder.com/" local="131274252921667588" remote="131376326400000000" Dst="2" />
<file name="fullemail.jpg" server="ftp.riptide7.com/www/mylittleemailbuilder.com/" local="131274252922397588" remote="131376326400000000" Dst="2" />
<file name="logo3.png" server="ftp.riptide7.com/www/mylittleemailbuilder.com/" local="131276009185061233" remote="131376326400000000" Dst="2" />
<file name="logo2.png" server="ftp.riptide7.com/www/mylittleemailbuilder.com/" local="131329689462821907" remote="131376326400000000" Dst="2" />
<file name="lyt-imgleft-textright.jpg" server="ftp.riptide7.com/www/mylittleemailbuilder.com/" local="131274252923917588" remote="131376326400000000" Dst="2" />
<file name="modules.png" server="ftp.riptide7.com/www/mylittleemailbuilder.com/" local="131274252924087588" remote="131376326400000000" Dst="2" />
<file name="remove.png" server="ftp.riptide7.com/www/mylittleemailbuilder.com/" local="131274252923657588" remote="131376326400000000" Dst="2" />
<file name="shareable.jpg" server="ftp.riptide7.com/www/mylittleemailbuilder.com/" local="131274252924617588" remote="131376326400000000" Dst="2" />
<file name="sweepstakes.jpg" server="ftp.riptide7.com/www/mylittleemailbuilder.com/" local="131274252925157588" remote="131376326400000000" Dst="2" />
</dwsync>