<?xml version="1.0" encoding="utf-8" ?>
<dwsync>
<file name=".tmp_index.html.55071~" server="ftp.riptide7.com/www/mylittleemailbuilder.com/" local="131129176376948609" remote="131376326400000000" Dst="2" />
<file name="example-ajax.html" server="ftp.riptide7.com/www/mylittleemailbuilder.com/" local="131129176377168609" remote="131376326400000000" Dst="2" />
<file name="example-attribute-sort.html" server="ftp.riptide7.com/www/mylittleemailbuilder.com/" local="131129176377378609" remote="131376326400000000" Dst="2" />
<file name="example-empty-table.html" server="ftp.riptide7.com/www/mylittleemailbuilder.com/" local="131129176377698609" remote="131376326400000000" Dst="2" />
<file name="example-extending-defaults.html" server="ftp.riptide7.com/www/mylittleemailbuilder.com/" local="131129176377898609" remote="131376326400000000" Dst="2" />
<file name="example-meta-headers.html" server="ftp.riptide7.com/www/mylittleemailbuilder.com/" local="131129176378228609" remote="131376326400000000" Dst="2" />
<file name="example-meta-parsers.html" server="ftp.riptide7.com/www/mylittleemailbuilder.com/" local="131129176378438609" remote="131376326400000000" Dst="2" />
<file name="example-option-debug.html" server="ftp.riptide7.com/www/mylittleemailbuilder.com/" local="131129176378888609" remote="131376326400000000" Dst="2" />
<file name="example-option-digits.html" server="ftp.riptide7.com/www/mylittleemailbuilder.com/" local="131129176379098609" remote="131376326400000000" Dst="2" />
<file name="example-meta-sort-list.html" server="ftp.riptide7.com/www/mylittleemailbuilder.com/" local="131129176378698609" remote="131376326400000000" Dst="2" />
<file name="example-option-sort-list.html" server="ftp.riptide7.com/www/mylittleemailbuilder.com/" local="131129176379838609" remote="131376326400000000" Dst="2" />
<file name="example-option-sort-force.html" server="ftp.riptide7.com/www/mylittleemailbuilder.com/" local="131129176379368609" remote="131376326400000000" Dst="2" />
<file name="example-option-sort-key.html" server="ftp.riptide7.com/www/mylittleemailbuilder.com/" local="131129176379578609" remote="131376326400000000" Dst="2" />
<file name="example-option-sort-order.html" server="ftp.riptide7.com/www/mylittleemailbuilder.com/" local="131129176380038609" remote="131376326400000000" Dst="2" />
<file name="example-option-text-extraction.html" server="ftp.riptide7.com/www/mylittleemailbuilder.com/" local="131129176380238609" remote="131376326400000000" Dst="2" />
<file name="example-options-headers.html" server="ftp.riptide7.com/www/mylittleemailbuilder.com/" local="131129176380488609" remote="131376326400000000" Dst="2" />
<file name="example-parsers.html" server="ftp.riptide7.com/www/mylittleemailbuilder.com/" local="131129176380978609" remote="131376326400000000" Dst="2" />
<file name="example-trigger-sort.html" server="ftp.riptide7.com/www/mylittleemailbuilder.com/" local="131129176381198609" remote="131376326400000000" Dst="2" />
<file name="example-update-cell.html" server="ftp.riptide7.com/www/mylittleemailbuilder.com/" local="131129176381838609" remote="131376326400000000" Dst="2" />
<file name="example-pager.html" server="ftp.riptide7.com/www/mylittleemailbuilder.com/" local="131129176380758609" remote="131376326400000000" Dst="2" />
<file name="example-widgets.html" server="ftp.riptide7.com/www/mylittleemailbuilder.com/" local="131129176382068609" remote="131376326400000000" Dst="2" />
<file name="example-triggers.html" server="ftp.riptide7.com/www/mylittleemailbuilder.com/" local="131129176381598609" remote="131376326400000000" Dst="2" />
<file name="index.html" server="ftp.riptide7.com/www/mylittleemailbuilder.com/" local="131129176382378609" remote="131376326400000000" Dst="2" />
</dwsync>