<?xml version="1.0" encoding="utf-8" ?>
<dwsync>
<file name="launchpad.php" server="ftp.riptide7.com/www/mylittleemailbuilder.com/" local="131376329100626035" remote="131376328800000000" Dst="2" />
<file name="login.php" server="ftp.riptide7.com/www/mylittleemailbuilder.com/" local="131371150610379410" remote="131376327000000000" Dst="2" />
<file name="header.php" server="ftp.riptide7.com/www/mylittleemailbuilder.com/" local="131376322052631306" remote="131376325800000000" Dst="2" />
<file name="footer.php" server="ftp.riptide7.com/www/mylittleemailbuilder.com/" local="131376321400746124" remote="131376325800000000" Dst="2" />
<file name="siteBackup2017-0425.zip" server="ftp.riptide7.com/www/mylittleemailbuilder.com/" local="131376324766722688" remote="131376322800000000" Dst="2" />
<file name="index.php" server="ftp.riptide7.com/www/mylittleemailbuilder.com/" local="131376326063672370" remote="131376325800000000" Dst="2" />
<file name="config.php" server="ftp.riptide7.com/www/mylittleemailbuilder.com/" local="131274252865944428" remote="131376324600000000" Dst="2" />
<file name="logout.php" server="ftp.riptide7.com/www/mylittleemailbuilder.com/" local="131274252948117588" remote="131376358800000000" Dst="2" />
<file name="processUploads2.php" server="ftp.riptide7.com/www/mylittleemailbuilder.com/" local="131330480632596631" remote="131376361200000000" Dst="2" />
</dwsync>