<?xml version="1.0" encoding="utf-8" ?>
<dwsync>
<file name="152San-Diego-TripAdvisor.jpg" server="ftp.riptide7.com/www/mylittleemailbuilder.com/" local="131345969760000000" remote="131376361200000000" Dst="2" />
<file name="162botanicgarden.jpg" server="ftp.riptide7.com/www/mylittleemailbuilder.com/" local="131340709860000000" remote="131376361200000000" Dst="2" />
<file name="23429 cupcakes.jpg" server="ftp.riptide7.com/www/mylittleemailbuilder.com/" local="131370287120000000" remote="131376361200000000" Dst="2" />
<file name="205Baby Beluga -Courtesy SeaWorld.JPG" server="ftp.riptide7.com/www/mylittleemailbuilder.com/" local="131371797100000000" remote="131376361200000000" Dst="2" />
<file name="275anonymous.jpg" server="ftp.riptide7.com/www/mylittleemailbuilder.com/" local="131370134260000000" remote="131376361200000000" Dst="2" />
<file name="27campaignwebversion.jpg" server="ftp.riptide7.com/www/mylittleemailbuilder.com/" local="131330478780000000" remote="131376361200000000" Dst="2" />
<file name="312st-patricks-day-celebrations.jpg" server="ftp.riptide7.com/www/mylittleemailbuilder.com/" local="131333993840000000" remote="131376361200000000" Dst="2" />
<file name="427forecast.JPG" server="ftp.riptide7.com/www/mylittleemailbuilder.com/" local="131371773800000000" remote="131376361200000000" Dst="2" />
<file name="508GaslampQuarter150-540.jpg" server="ftp.riptide7.com/www/mylittleemailbuilder.com/" local="131371894200000000" remote="131376361200000000" Dst="2" />
<file name="665greybox.jpg" server="ftp.riptide7.com/www/mylittleemailbuilder.com/" local="131303678400000000" remote="131376361200000000" Dst="2" />
<file name="616mmbusiness12.jpg" server="ftp.riptide7.com/www/mylittleemailbuilder.com/" local="131358038100000000" remote="131376361200000000" Dst="2" />
<file name="658ManchesterGrandHyatt.png" server="ftp.riptide7.com/www/mylittleemailbuilder.com/" local="131352711640000000" remote="131376361200000000" Dst="2" />
<file name="707yoygrowth.png" server="ftp.riptide7.com/www/mylittleemailbuilder.com/" local="131371773160000000" remote="131376361200000000" Dst="2" />
<file name="835Capture.JPG" server="ftp.riptide7.com/www/mylittleemailbuilder.com/" local="131359068220000000" remote="131376361200000000" Dst="2" />
</dwsync>