<?xml version="1.0" encoding="utf-8" ?>
<dwsync>
<file name="Roboto-Bold-webfont.eot" server="ftp.riptide7.com/www/mylittleemailbuilder.com/" local="131149057290507459" remote="131376326400000000" Dst="2" />
<file name="Roboto-Bold-webfont.ttf" server="ftp.riptide7.com/www/mylittleemailbuilder.com/" local="131149057290757484" remote="131376326400000000" Dst="2" />
<file name="Roboto-Bold-webfont.svg" server="ftp.riptide7.com/www/mylittleemailbuilder.com/" local="131149057290627471" remote="131376326400000000" Dst="2" />
<file name="Roboto-Bold-webfont.woff" server="ftp.riptide7.com/www/mylittleemailbuilder.com/" local="131149057290917500" remote="131376326400000000" Dst="2" />
<file name="Roboto-Light-webfont.eot" server="ftp.riptide7.com/www/mylittleemailbuilder.com/" local="131149057291027511" remote="131376326400000000" Dst="2" />
<file name="Roboto-Light-webfont.ttf" server="ftp.riptide7.com/www/mylittleemailbuilder.com/" local="131149057291137522" remote="131376326400000000" Dst="2" />
<file name="Roboto-Light-webfont.svg" server="ftp.riptide7.com/www/mylittleemailbuilder.com/" local="131149057291077516" remote="131376326400000000" Dst="2" />
<file name="Roboto-Light-webfont.woff" server="ftp.riptide7.com/www/mylittleemailbuilder.com/" local="131149057291207529" remote="131376326400000000" Dst="2" />
<file name="Roboto-Regular-webfont.eot" server="ftp.riptide7.com/www/mylittleemailbuilder.com/" local="131149057291257534" remote="131376326400000000" Dst="2" />
<file name="Roboto-Regular-webfont.ttf" server="ftp.riptide7.com/www/mylittleemailbuilder.com/" local="131149057291377546" remote="131376326400000000" Dst="2" />
<file name="Roboto-Regular-webfont.svg" server="ftp.riptide7.com/www/mylittleemailbuilder.com/" local="131149057291317540" remote="131376326400000000" Dst="2" />
<file name="Roboto-Regular-webfont.woff" server="ftp.riptide7.com/www/mylittleemailbuilder.com/" local="131149057291437552" remote="131376326400000000" Dst="2" />
</dwsync>