<?xml version="1.0" encoding="utf-8" ?>
<dwsync>
<file name="addUpdate-ET.php" server="ftp.riptide7.com/www/mylittleemailbuilder.com/" local="131274252852373071" remote="131376361200000000" Dst="2" />
<file name="Api.php" server="ftp.riptide7.com/www/mylittleemailbuilder.com/" local="131274252784846319" remote="131376361200000000" Dst="2" />
<file name="Cloudinary.php" server="ftp.riptide7.com/www/mylittleemailbuilder.com/" local="131274252827360570" remote="131376361200000000" Dst="2" />
<file name="cacert.pem" server="ftp.riptide7.com/www/mylittleemailbuilder.com/" local="131274252854483282" remote="131376361200000000" Dst="2" />
<file name="controlsmap-complicated.php" server="ftp.riptide7.com/www/mylittleemailbuilder.com/" local="131159487323537937" remote="131376361200000000" Dst="2" />
<file name="CloudinaryField.php" server="ftp.riptide7.com/www/mylittleemailbuilder.com/" local="131274252850532887" remote="131376361200000000" Dst="2" />
<file name="exacttarget_soap_client.php" server="ftp.riptide7.com/www/mylittleemailbuilder.com/" local="131274252857623596" remote="131376361200000000" Dst="2" />
<file name="ga-fields.html" server="ftp.riptide7.com/www/mylittleemailbuilder.com/" local="131274252858313665" remote="131376361200000000" Dst="2" />
<file name="Helpers.php" server="ftp.riptide7.com/www/mylittleemailbuilder.com/" local="131274252851933027" remote="131376361200000000" Dst="2" />
<file name="PreloadedFile.php" server="ftp.riptide7.com/www/mylittleemailbuilder.com/" local="131274252851612995" remote="131376361200000000" Dst="2" />
<file name="putCloudinary.php" server="ftp.riptide7.com/www/mylittleemailbuilder.com/" local="131330471410000000" remote="131376361200000000" Dst="2" />
<file name="puttoportfolio.php" server="ftp.riptide7.com/www/mylittleemailbuilder.com/" local="131286300669625321" remote="131376361200000000" Dst="2" />
<file name="soap-wsse.php" server="ftp.riptide7.com/www/mylittleemailbuilder.com/" local="131274252860533887" remote="131376361200000000" Dst="2" />
<file name="Uploader.php" server="ftp.riptide7.com/www/mylittleemailbuilder.com/" local="131274252853083142" remote="131376361200000000" Dst="2" />
<file name="xmlseclibs.php" server="ftp.riptide7.com/www/mylittleemailbuilder.com/" local="131274252861724006" remote="131376361200000000" Dst="2" />
</dwsync>