<?xml version="1.0" encoding="utf-8" ?>
<dwsync>
<file name="131Capture.JPG" server="ftp.riptide7.com/www/mylittleemailbuilder.com/" local="131370063560000000" remote="131376361200000000" Dst="2" />
<file name="125Capture.JPG" server="ftp.riptide7.com/www/mylittleemailbuilder.com/" local="131370893860000000" remote="131376361200000000" Dst="2" />
<file name="153Capture.JPG" server="ftp.riptide7.com/www/mylittleemailbuilder.com/" local="131369293780000000" remote="131376361200000000" Dst="2" />
<file name="171proclamation.jpg" server="ftp.riptide7.com/www/mylittleemailbuilder.com/" local="131358895780000000" remote="131376361200000000" Dst="2" />
<file name="228630x355.jpg" server="ftp.riptide7.com/www/mylittleemailbuilder.com/" local="131357136840000000" remote="131376361200000000" Dst="2" />
<file name="162grand-canyon.jpg" server="ftp.riptide7.com/www/mylittleemailbuilder.com/" local="131369286200000000" remote="131376361200000000" Dst="2" />
<file name="231GOLF-2017HEADER_600x250_v2-m.jpg" server="ftp.riptide7.com/www/mylittleemailbuilder.com/" local="131366578180000000" remote="131376361200000000" Dst="2" />
<file name="23palomar-airport_t800.png" server="ftp.riptide7.com/www/mylittleemailbuilder.com/" local="131375337320000000" remote="131376361200000000" Dst="2" />
<file name="235sd-1491328389-6mppr73f6x-snap-image.jpg" server="ftp.riptide7.com/www/mylittleemailbuilder.com/" local="131358062760000000" remote="131376361200000000" Dst="2" />
<file name="2481412871679SD-Conv-Ctr-Dusk-2.jpg" server="ftp.riptide7.com/www/mylittleemailbuilder.com/" local="131358066760000000" remote="131376361200000000" Dst="2" />
<file name="252Capture.JPG" server="ftp.riptide7.com/www/mylittleemailbuilder.com/" local="131372703160000000" remote="131376361200000000" Dst="2" />
<file name="256sd-1492737622-fjj71nn9w2-snap-image.jpg" server="ftp.riptide7.com/www/mylittleemailbuilder.com/" local="131372653220000000" remote="131376361200000000" Dst="2" />
<file name="263Capture.JPG" server="ftp.riptide7.com/www/mylittleemailbuilder.com/" local="131372707100000000" remote="131376361200000000" Dst="2" />
<file name="261AirCanada-In-Flight.jpg" server="ftp.riptide7.com/www/mylittleemailbuilder.com/" local="131364867860000000" remote="131376361200000000" Dst="2" />
<file name="270Capture.JPG" server="ftp.riptide7.com/www/mylittleemailbuilder.com/" local="131375211140000000" remote="131376361200000000" Dst="2" />
<file name="276hb2.jpg" server="ftp.riptide7.com/www/mylittleemailbuilder.com/" local="131365749640000000" remote="131376361200000000" Dst="2" />
<file name="293SDT_RedBullAirRace_540x215.jpg" server="ftp.riptide7.com/www/mylittleemailbuilder.com/" local="131358007180000000" remote="131376361200000000" Dst="2" />
<file name="275Conventon-Center-Ballot-Measure.jpg" server="ftp.riptide7.com/www/mylittleemailbuilder.com/" local="131358064480000000" remote="131376361200000000" Dst="2" />
<file name="295Capture.JPG" server="ftp.riptide7.com/www/mylittleemailbuilder.com/" local="131372707280000000" remote="131376361200000000" Dst="2" />
<file name="314spirits.jpg" server="ftp.riptide7.com/www/mylittleemailbuilder.com/" local="131360524780000000" remote="131376361200000000" Dst="2" />
<file name="315Capture.JPG" server="ftp.riptide7.com/www/mylittleemailbuilder.com/" local="131376100680000000" remote="131376361200000000" Dst="2" />
<file name="334sd-1492537608-xt56twjvo9-snap-image.jpg" server="ftp.riptide7.com/www/mylittleemailbuilder.com/" local="131370124880000000" remote="131376361200000000" Dst="2" />
<file name="382Capture.JPG" server="ftp.riptide7.com/www/mylittleemailbuilder.com/" local="131360512680000000" remote="131376361200000000" Dst="2" />
<file name="350sd-1491611001-c12qh1vf21-snap-image.jpg" server="ftp.riptide7.com/www/mylittleemailbuilder.com/" local="131364179640000000" remote="131376361200000000" Dst="2" />
<file name="338Awesome-All-Year_540x236.jpg" server="ftp.riptide7.com/www/mylittleemailbuilder.com/" local="131364271660000000" remote="131376361200000000" Dst="2" />
<file name="395FullSizeRender3.jpg" server="ftp.riptide7.com/www/mylittleemailbuilder.com/" local="131358797340000000" remote="131376361200000000" Dst="2" />
<file name="397hawaii.jpg" server="ftp.riptide7.com/www/mylittleemailbuilder.com/" local="131358946180000000" remote="131376361200000000" Dst="2" />
<file name="406petco-park-600x300.jpg" server="ftp.riptide7.com/www/mylittleemailbuilder.com/" local="131358002480000000" remote="131376361200000000" Dst="2" />
<file name="435SDCC JohnBahu Cover1800x788.jpg" server="ftp.riptide7.com/www/mylittleemailbuilder.com/" local="131375208560000000" remote="131376361200000000" Dst="2" />
<file name="466I-5-Gridlock-640x360.jpg" server="ftp.riptide7.com/www/mylittleemailbuilder.com/" local="131358786660000000" remote="131376361200000000" Dst="2" />
<file name="531rest.jpg" server="ftp.riptide7.com/www/mylittleemailbuilder.com/" local="131360522880000000" remote="131376361200000000" Dst="2" />
<file name="475Capture.JPG" server="ftp.riptide7.com/www/mylittleemailbuilder.com/" local="131375443240000000" remote="131376361200000000" Dst="2" />
<file name="497GOLF-2017HEADER_600x250_v2-m.jpg" server="ftp.riptide7.com/www/mylittleemailbuilder.com/" local="131357182440000000" remote="131376361200000000" Dst="2" />
<file name="54California-Theatre.jpg" server="ftp.riptide7.com/www/mylittleemailbuilder.com/" local="131358785140000000" remote="131376361200000000" Dst="2" />
<file name="55813540545_G.jpg" server="ftp.riptide7.com/www/mylittleemailbuilder.com/" local="131358165540000000" remote="131376361200000000" Dst="2" />
<file name="56Capture.JPG" server="ftp.riptide7.com/www/mylittleemailbuilder.com/" local="131370890700000000" remote="131376361200000000" Dst="2" />
<file name="580Capture.JPG" server="ftp.riptide7.com/www/mylittleemailbuilder.com/" local="131376097800000000" remote="131376361200000000" Dst="2" />
<file name="573imgres.jpg" server="ftp.riptide7.com/www/mylittleemailbuilder.com/" local="131358782980000000" remote="131376361200000000" Dst="2" />
<file name="570sd-1492476848-obr6355ogt-snap-image.jpg" server="ftp.riptide7.com/www/mylittleemailbuilder.com/" local="131370220340000000" remote="131376361200000000" Dst="2" />
<file name="623CNRSW-Building.jpg" server="ftp.riptide7.com/www/mylittleemailbuilder.com/" local="131359657840000000" remote="131376361200000000" Dst="2" />
<file name="644ISDH_travel_bb_rdax_100.jpg" server="ftp.riptide7.com/www/mylittleemailbuilder.com/" local="131365853020000000" remote="131376361200000000" Dst="2" />
<file name="657Capture.JPG" server="ftp.riptide7.com/www/mylittleemailbuilder.com/" local="131370898500000000" remote="131376361200000000" Dst="2" />
<file name="676solarkevinfaulconer.jpg" server="ftp.riptide7.com/www/mylittleemailbuilder.com/" local="131358202300000000" remote="131376361200000000" Dst="2" />
<file name="710506932b9e750a.image.jpg" server="ftp.riptide7.com/www/mylittleemailbuilder.com/" local="131363255200000000" remote="131376361200000000" Dst="2" />
<file name="703Capture.JPG" server="ftp.riptide7.com/www/mylittleemailbuilder.com/" local="131369240320000000" remote="131376361200000000" Dst="2" />
<file name="738sd-1492126838-ji3xi67lwa-snap-image.jpg" server="ftp.riptide7.com/www/mylittleemailbuilder.com/" local="131366578960000000" remote="131376361200000000" Dst="2" />
<file name="7251400x-1.jpg" server="ftp.riptide7.com/www/mylittleemailbuilder.com/" local="131372710460000000" remote="131376361200000000" Dst="2" />
<file name="72img_6984_1.jpg" server="ftp.riptide7.com/www/mylittleemailbuilder.com/" local="131357325880000000" remote="131376361200000000" Dst="2" />
<file name="745Capture.JPG" server="ftp.riptide7.com/www/mylittleemailbuilder.com/" local="131369291940000000" remote="131376361200000000" Dst="2" />
<file name="756la-jolla-concours-delegance-540x215.jpg" server="ftp.riptide7.com/www/mylittleemailbuilder.com/" local="131358003020000000" remote="131376361200000000" Dst="2" />
<file name="753bayside-sdta-banners-mar-2017-e.jpg" server="ftp.riptide7.com/www/mylittleemailbuilder.com/" local="131358015160000000" remote="131376361200000000" Dst="2" />
<file name="758hospitalityevent.jpg" server="ftp.riptide7.com/www/mylittleemailbuilder.com/" local="131365921840000000" remote="131376361200000000" Dst="2" />
<file name="777proclamation.jpg" server="ftp.riptide7.com/www/mylittleemailbuilder.com/" local="131358895600000000" remote="131376361200000000" Dst="2" />
<file name="762Capture.JPG" server="ftp.riptide7.com/www/mylittleemailbuilder.com/" local="131359082620000000" remote="131376361200000000" Dst="2" />
<file name="773sd-1491002533-00f9slzckv-snap-image.jpg" server="ftp.riptide7.com/www/mylittleemailbuilder.com/" local="131357140680000000" remote="131376361200000000" Dst="2" />
<file name="809Screen-Shot-2017-04-17-at-3.50.04-PM-e1492458770664.png" server="ftp.riptide7.com/www/mylittleemailbuilder.com/" local="131370126260000000" remote="131376361200000000" Dst="2" />
<file name="811Capture.JPG" server="ftp.riptide7.com/www/mylittleemailbuilder.com/" local="131371152720000000" remote="131376361200000000" Dst="2" />
<file name="824SDT-RedBullAirRace-600x300.jpg" server="ftp.riptide7.com/www/mylittleemailbuilder.com/" local="131364269680000000" remote="131376361200000000" Dst="2" />
<file name="835Capture.JPG" server="ftp.riptide7.com/www/mylittleemailbuilder.com/" local="131372745500000000" remote="131376361200000000" Dst="2" />
<file name="827Convention-Center-640x360.jpg" server="ftp.riptide7.com/www/mylittleemailbuilder.com/" local="131359659260000000" remote="131376361200000000" Dst="2" />
<file name="850Capture.JPG" server="ftp.riptide7.com/www/mylittleemailbuilder.com/" local="131372721620000000" remote="131376361200000000" Dst="2" />
<file name="887Capture.JPG" server="ftp.riptide7.com/www/mylittleemailbuilder.com/" local="131359059620000000" remote="131376361200000000" Dst="2" />
<file name="8IMG_6150-800x530.jpg" server="ftp.riptide7.com/www/mylittleemailbuilder.com/" local="131357169420000000" remote="131376361200000000" Dst="2" />
<file name="851Capture.JPG" server="ftp.riptide7.com/www/mylittleemailbuilder.com/" local="131369272360000000" remote="131376361200000000" Dst="2" />
<file name="904Manchester_Pacific_Gateway_New_2017_t575.jpg" server="ftp.riptide7.com/www/mylittleemailbuilder.com/" local="131359670660000000" remote="131376361200000000" Dst="2" />
<file name="905Capture.JPG" server="ftp.riptide7.com/www/mylittleemailbuilder.com/" local="131369175700000000" remote="131376361200000000" Dst="2" />
<file name="914view-540x215.jpg" server="ftp.riptide7.com/www/mylittleemailbuilder.com/" local="131370277360000000" remote="131376361200000000" Dst="2" />
<file name="91img_6984_1.jpg" server="ftp.riptide7.com/www/mylittleemailbuilder.com/" local="131357324740000000" remote="131376361200000000" Dst="2" />
<file name="940cross-border-xpress.png" server="ftp.riptide7.com/www/mylittleemailbuilder.com/" local="131372701160000000" remote="131376361200000000" Dst="2" />
<file name="942Capture.JPG" server="ftp.riptide7.com/www/mylittleemailbuilder.com/" local="131372658220000000" remote="131376361200000000" Dst="2" />
<file name="953sd-1492650799-8jbdpozvjn-snap-image.jpg" server="ftp.riptide7.com/www/mylittleemailbuilder.com/" local="131375214320000000" remote="131376361200000000" Dst="2" />
<file name="967Inauguration_209-800x530.jpg" server="ftp.riptide7.com/www/mylittleemailbuilder.com/" local="131364168300000000" remote="131376361200000000" Dst="2" />
<file name="957Phil_Harris_Seaport_San_Diego-768x512.jpg" server="ftp.riptide7.com/www/mylittleemailbuilder.com/" local="131365746560000000" remote="131376361200000000" Dst="2" />
<file name="96black-beach-600x300.jpg" server="ftp.riptide7.com/www/mylittleemailbuilder.com/" local="131370274400000000" remote="131376361200000000" Dst="2" />
<file name="983Carte_Hotel_Ash_Street_SD_t575.jpg" server="ftp.riptide7.com/www/mylittleemailbuilder.com/" local="131369171180000000" remote="131376361200000000" Dst="2" />
</dwsync>