<?xml version="1.0" encoding="utf-8" ?>
<dwsync>
<file name="Roboto-Bold-webfont.eot" server="ftp.riptide7.com/www/mylittleemailbuilder.com/" local="131274252870384872" remote="131376326400000000" Dst="2" />
<file name="Roboto-Bold-webfont.ttf" server="ftp.riptide7.com/www/mylittleemailbuilder.com/" local="131274252871114945" remote="131376326400000000" Dst="2" />
<file name="Roboto-Bold-webfont.svg" server="ftp.riptide7.com/www/mylittleemailbuilder.com/" local="131274252870854919" remote="131376326400000000" Dst="2" />
<file name="Roboto-Bold-webfont.woff" server="ftp.riptide7.com/www/mylittleemailbuilder.com/" local="131274252871404974" remote="131376326400000000" Dst="2" />
<file name="Roboto-Light-webfont.eot" server="ftp.riptide7.com/www/mylittleemailbuilder.com/" local="131274252871775011" remote="131376326400000000" Dst="2" />
<file name="Roboto-Light-webfont.svg" server="ftp.riptide7.com/www/mylittleemailbuilder.com/" local="131274252872555089" remote="131376326400000000" Dst="2" />
<file name="Roboto-Light-webfont.ttf" server="ftp.riptide7.com/www/mylittleemailbuilder.com/" local="131274252872595093" remote="131376326400000000" Dst="2" />
<file name="Roboto-Light-webfont.woff" server="ftp.riptide7.com/www/mylittleemailbuilder.com/" local="131274252872725106" remote="131376326400000000" Dst="2" />
<file name="Roboto-Regular-webfont.ttf" server="ftp.riptide7.com/www/mylittleemailbuilder.com/" local="131274252873935227" remote="131376326400000000" Dst="2" />
<file name="Roboto-Regular-webfont.svg" server="ftp.riptide7.com/www/mylittleemailbuilder.com/" local="131274252874005234" remote="131376326400000000" Dst="2" />
<file name="Roboto-Regular-webfont.woff" server="ftp.riptide7.com/www/mylittleemailbuilder.com/" local="131274252874435277" remote="131376326400000000" Dst="2" />
<file name="Roboto-Regular-webfont.eot" server="ftp.riptide7.com/www/mylittleemailbuilder.com/" local="131274252873465180" remote="131376326400000000" Dst="2" />
</dwsync>