<?xml version="1.0" encoding="utf-8" ?>
<dwsync>
<file name=".gitignore" server="ftp.riptide7.com/www/mylittleemailbuilder.com/" local="131129176366018609" remote="131376326400000000" Dst="2" />
<file name="bower.json" server="ftp.riptide7.com/www/mylittleemailbuilder.com/" local="131129176366528609" remote="131376326400000000" Dst="2" />
<file name="build.xml" server="ftp.riptide7.com/www/mylittleemailbuilder.com/" local="131129176366708609" remote="131376326400000000" Dst="2" />
<file name="changelog" server="ftp.riptide7.com/www/mylittleemailbuilder.com/" local="131129176366838609" remote="131376326400000000" Dst="2" />
<file name="jquery.metadata.js" server="ftp.riptide7.com/www/mylittleemailbuilder.com/" local="131129176367388609" remote="131376326400000000" Dst="2" />
<file name="jquery-latest.js" server="ftp.riptide7.com/www/mylittleemailbuilder.com/" local="131129176367158609" remote="131376326400000000" Dst="2" />
<file name="jquery.tablesorter.js" server="ftp.riptide7.com/www/mylittleemailbuilder.com/" local="131129176367578609" remote="131376326400000000" Dst="2" />
<file name="jquery.tablesorter.min.js" server="ftp.riptide7.com/www/mylittleemailbuilder.com/" local="131129176367838609" remote="131376326400000000" Dst="2" />
<file name="package.json" server="ftp.riptide7.com/www/mylittleemailbuilder.com/" local="131129176367968609" remote="131376326400000000" Dst="2" />
<file name="LICENSE" server="ftp.riptide7.com/www/mylittleemailbuilder.com/" local="131129176366168609" remote="131376326400000000" Dst="2" />
<file name="README.md" server="ftp.riptide7.com/www/mylittleemailbuilder.com/" local="131129176366368609" remote="131376326400000000" Dst="2" />
</dwsync>