<?xml version="1.0" encoding="utf-8" ?>
<dwsync>
<file name="101400x-1.jpg" server="ftp.riptide7.com/www/mylittleemailbuilder.com/" local="131354511400000000" remote="131376361200000000" Dst="2" />
<file name="108Residential-Bedroom.jpg" server="ftp.riptide7.com/www/mylittleemailbuilder.com/" local="131345908180000000" remote="131376361200000000" Dst="2" />
<file name="105Screen Shot 2017-03-28 at 4.17.12 PM.png" server="ftp.riptide7.com/www/mylittleemailbuilder.com/" local="131352169920000000" remote="131376361200000000" Dst="2" />
<file name="112goldcup.JPG" server="ftp.riptide7.com/www/mylittleemailbuilder.com/" local="131344995180000000" remote="131376361200000000" Dst="2" />
<file name="136sd-1489189573-kvpj2ekxfi-snap-photo.jpg" server="ftp.riptide7.com/www/mylittleemailbuilder.com/" local="131339071160000000" remote="131376361200000000" Dst="2" />
<file name="129fs-sdoccer.jpg" server="ftp.riptide7.com/www/mylittleemailbuilder.com/" local="131342506800000000" remote="131376361200000000" Dst="2" />
<file name="108word-cloud-greens.jpg" server="ftp.riptide7.com/www/mylittleemailbuilder.com/" local="131351046080000000" remote="131376361200000000" Dst="2" />
<file name="151Capture.JPG" server="ftp.riptide7.com/www/mylittleemailbuilder.com/" local="131339881740000000" remote="131376361200000000" Dst="2" />
<file name="155Soccer-City-Stadium.jpg" server="ftp.riptide7.com/www/mylittleemailbuilder.com/" local="131346797880000000" remote="131376361200000000" Dst="2" />
<file name="156Capture.JPG" server="ftp.riptide7.com/www/mylittleemailbuilder.com/" local="131346796220000000" remote="131376361200000000" Dst="2" />
<file name="176Residential-Bedroom.jpg" server="ftp.riptide7.com/www/mylittleemailbuilder.com/" local="131351066240000000" remote="131376361200000000" Dst="2" />
<file name="184Downtown-San-Diego-at-Night.jpg" server="ftp.riptide7.com/www/mylittleemailbuilder.com/" local="131339800000000000" remote="131376361200000000" Dst="2" />
<file name="186word-cloud-greens2.jpg" server="ftp.riptide7.com/www/mylittleemailbuilder.com/" local="131351049520000000" remote="131376361200000000" Dst="2" />
<file name="198qualcomm.jpg" server="ftp.riptide7.com/www/mylittleemailbuilder.com/" local="131348611980000000" remote="131376361200000000" Dst="2" />
<file name="221word-cloud-greens2.jpg" server="ftp.riptide7.com/www/mylittleemailbuilder.com/" local="131351049920000000" remote="131376361200000000" Dst="2" />
<file name="246sd-1490834324-e0m1ld0j40-snap-image.jpg" server="ftp.riptide7.com/www/mylittleemailbuilder.com/" local="131354508660000000" remote="131376361200000000" Dst="2" />
<file name="249Capture.JPG" server="ftp.riptide7.com/www/mylittleemailbuilder.com/" local="131346924180000000" remote="131376361200000000" Dst="2" />
<file name="282lajollaconcours.jpg" server="ftp.riptide7.com/www/mylittleemailbuilder.com/" local="131351077580000000" remote="131376361200000000" Dst="2" />
<file name="300Capture2.JPG" server="ftp.riptide7.com/www/mylittleemailbuilder.com/" local="131338999520000000" remote="131376361200000000" Dst="2" />
<file name="300soccercity2-Copy-800x530.jpg" server="ftp.riptide7.com/www/mylittleemailbuilder.com/" local="131345027100000000" remote="131376361200000000" Dst="2" />
<file name="333imgres.jpg" server="ftp.riptide7.com/www/mylittleemailbuilder.com/" local="131351062000000000" remote="131376361200000000" Dst="2" />
<file name="319_nUAgK8-.jpeg" server="ftp.riptide7.com/www/mylittleemailbuilder.com/" local="131353569960000000" remote="131376361200000000" Dst="2" />
<file name="33washos.jpg" server="ftp.riptide7.com/www/mylittleemailbuilder.com/" local="131339982420000000" remote="131376361200000000" Dst="2" />
<file name="345Mexico-City-Press-Conference.jpg" server="ftp.riptide7.com/www/mylittleemailbuilder.com/" local="131351940580000000" remote="131376361200000000" Dst="2" />
<file name="347Sycuan_Casino_Property_t575.jpg" server="ftp.riptide7.com/www/mylittleemailbuilder.com/" local="131354521800000000" remote="131376361200000000" Dst="2" />
<file name="357Screen Shot 2017-03-31 at 9.37.51 AM.png" server="ftp.riptide7.com/www/mylittleemailbuilder.com/" local="131354519820000000" remote="131376361200000000" Dst="2" />
<file name="353crea classic.jpg" server="ftp.riptide7.com/www/mylittleemailbuilder.com/" local="131344988120000000" remote="131376361200000000" Dst="2" />
<file name="361Capture.JPG" server="ftp.riptide7.com/www/mylittleemailbuilder.com/" local="131342472700000000" remote="131376361200000000" Dst="2" />
<file name="37newgolfimagecloud.jpg" server="ftp.riptide7.com/www/mylittleemailbuilder.com/" local="131351935520000000" remote="131376361200000000" Dst="2" />
<file name="37sd-1490825705-b5wut3u0wz-snap-image.jpg" server="ftp.riptide7.com/www/mylittleemailbuilder.com/" local="131354506360000000" remote="131376361200000000" Dst="2" />
<file name="383Capture.JPG" server="ftp.riptide7.com/www/mylittleemailbuilder.com/" local="131346767080000000" remote="131376361200000000" Dst="2" />
<file name="381la jolla concours delegance.jpg" server="ftp.riptide7.com/www/mylittleemailbuilder.com/" local="131345035520000000" remote="131376361200000000" Dst="2" />
<file name="403sd-1489597492-46dzwsdivd-snap-photo.jpg" server="ftp.riptide7.com/www/mylittleemailbuilder.com/" local="131341530040000000" remote="131376361200000000" Dst="2" />
<file name="414padres.gif" server="ftp.riptide7.com/www/mylittleemailbuilder.com/" local="131330466580000000" remote="131376361200000000" Dst="2" />
<file name="405Capture.JPG" server="ftp.riptide7.com/www/mylittleemailbuilder.com/" local="131345910080000000" remote="131376361200000000" Dst="2" />
<file name="409preview-full-GolfSwag_Graphic2.jpg" server="ftp.riptide7.com/www/mylittleemailbuilder.com/" local="131352156500000000" remote="131376361200000000" Dst="2" />
<file name="418crea classic.jpg" server="ftp.riptide7.com/www/mylittleemailbuilder.com/" local="131344988540000000" remote="131376361200000000" Dst="2" />
<file name="420sd-1490918594-xuibbwzibw-snap-image.jpg" server="ftp.riptide7.com/www/mylittleemailbuilder.com/" local="131354503880000000" remote="131376361200000000" Dst="2" />
<file name="427Capture.JPG" server="ftp.riptide7.com/www/mylittleemailbuilder.com/" local="131336548920000000" remote="131376361200000000" Dst="2" />
<file name="448Seven Seas 540x215.jpg" server="ftp.riptide7.com/www/mylittleemailbuilder.com/" local="131352109300000000" remote="131376361200000000" Dst="2" />
<file name="455kyoto-prize-san-diego-b052b3a6.jpeg" server="ftp.riptide7.com/www/mylittleemailbuilder.com/" local="131334842220000000" remote="131376361200000000" Dst="2" />
<file name="462Screen Shot 2017-03-16 at 2.04.33 PM.png" server="ftp.riptide7.com/www/mylittleemailbuilder.com/" local="131341719080000000" remote="131376361200000000" Dst="2" />
<file name="511fs-soccer.jpg" server="ftp.riptide7.com/www/mylittleemailbuilder.com/" local="131342501520000000" remote="131376361200000000" Dst="2" />
<file name="481sd-1489710644-b4ewxbcoxg-snap-photo.jpg" server="ftp.riptide7.com/www/mylittleemailbuilder.com/" local="131342450980000000" remote="131376361200000000" Dst="2" />
<file name="504word-cloud-white.jpg" server="ftp.riptide7.com/www/mylittleemailbuilder.com/" local="131351046400000000" remote="131376361200000000" Dst="2" />
<file name="518CONVENTIONCENTER_t800.jpg" server="ftp.riptide7.com/www/mylittleemailbuilder.com/" local="131347577420000000" remote="131376361200000000" Dst="2" />
<file name="538gettyimages-104308820.jpg" server="ftp.riptide7.com/www/mylittleemailbuilder.com/" local="131351123020000000" remote="131376361200000000" Dst="2" />
<file name="535Skyline.jpg" server="ftp.riptide7.com/www/mylittleemailbuilder.com/" local="131345005740000000" remote="131376361200000000" Dst="2" />
<file name="545la jolla concours delegance.jpg" server="ftp.riptide7.com/www/mylittleemailbuilder.com/" local="131344988400000000" remote="131376361200000000" Dst="2" />
<file name="571shutterstock_6335953.jpg" server="ftp.riptide7.com/www/mylittleemailbuilder.com/" local="131351069800000000" remote="131376361200000000" Dst="2" />
<file name="583cotuco-terzi1.jpg" server="ftp.riptide7.com/www/mylittleemailbuilder.com/" local="131351145520000000" remote="131376361200000000" Dst="2" />
<file name="605padres.jpg" server="ftp.riptide7.com/www/mylittleemailbuilder.com/" local="131344989820000000" remote="131376361200000000" Dst="2" />
<file name="599ball-park-grub-guide.jpg" server="ftp.riptide7.com/www/mylittleemailbuilder.com/" local="131339149940000000" remote="131376361200000000" Dst="2" />
<file name="620PB_Guardians_5-800x530.jpg" server="ftp.riptide7.com/www/mylittleemailbuilder.com/" local="131335522920000000" remote="131376361200000000" Dst="2" />
<file name="636Del-Mar-Google-Earth.jpg" server="ftp.riptide7.com/www/mylittleemailbuilder.com/" local="131338990600000000" remote="131376361200000000" Dst="2" />
<file name="631preview-lightbox-GolfSwag_Graphic.jpg" server="ftp.riptide7.com/www/mylittleemailbuilder.com/" local="131352081560000000" remote="131376361200000000" Dst="2" />
<file name="640kimberly-becker-airport-authority.jpg" server="ftp.riptide7.com/www/mylittleemailbuilder.com/" local="131351154400000000" remote="131376361200000000" Dst="2" />
<file name="655df17cf26-41aa-11df-9e9f-001cc4c002e0.image.jpg" server="ftp.riptide7.com/www/mylittleemailbuilder.com/" local="131348610720000000" remote="131376361200000000" Dst="2" />
<file name="660botanicgarden.jpg" server="ftp.riptide7.com/www/mylittleemailbuilder.com/" local="131340762880000000" remote="131376361200000000" Dst="2" />
<file name="664Soccer-City-Stadium.jpg" server="ftp.riptide7.com/www/mylittleemailbuilder.com/" local="131351066960000000" remote="131376361200000000" Dst="2" />
<file name="667word-cloud-greens.jpg" server="ftp.riptide7.com/www/mylittleemailbuilder.com/" local="131351061820000000" remote="131376361200000000" Dst="2" />
<file name="666newgolfimagecloud.jpg" server="ftp.riptide7.com/www/mylittleemailbuilder.com/" local="131351928100000000" remote="131376361200000000" Dst="2" />
<file name="670bayside-sdta-banners-mar-2017-pool.jpg" server="ftp.riptide7.com/www/mylittleemailbuilder.com/" local="131347611900000000" remote="131376361200000000" Dst="2" />
<file name="682Capture.JPG" server="ftp.riptide7.com/www/mylittleemailbuilder.com/" local="131342452840000000" remote="131376361200000000" Dst="2" />
<file name="672redbullairrace-christianpondella.jpg" server="ftp.riptide7.com/www/mylittleemailbuilder.com/" local="131344988740000000" remote="131376361200000000" Dst="2" />
<file name="694logo-banner-sm.png" server="ftp.riptide7.com/www/mylittleemailbuilder.com/" local="131344996420000000" remote="131376361200000000" Dst="2" />
<file name="677world-baseball-classic-600x300.jpg" server="ftp.riptide7.com/www/mylittleemailbuilder.com/" local="131339141700000000" remote="131376361200000000" Dst="2" />
<file name="698airbnb.jpg" server="ftp.riptide7.com/www/mylittleemailbuilder.com/" local="131341522880000000" remote="131376361200000000" Dst="2" />
<file name="697preview-full-GolfSwag_Graphic2.jpg" server="ftp.riptide7.com/www/mylittleemailbuilder.com/" local="131352156640000000" remote="131376361200000000" Dst="2" />
<file name="69sd-1490319907-wf4ttmymoc-snap-photo.jpg" server="ftp.riptide7.com/www/mylittleemailbuilder.com/" local="131348609620000000" remote="131376361200000000" Dst="2" />
<file name="699word-cloud-cartoon.jpg" server="ftp.riptide7.com/www/mylittleemailbuilder.com/" local="131351046220000000" remote="131376361200000000" Dst="2" />
<file name="704water1.jpg" server="ftp.riptide7.com/www/mylittleemailbuilder.com/" local="131342493320000000" remote="131376361200000000" Dst="2" />
<file name="703482ee19b-390a-4fa6-bdf7-112f8f530316.jpg" server="ftp.riptide7.com/www/mylittleemailbuilder.com/" local="131353616260000000" remote="131376361200000000" Dst="2" />
<file name="724Capture.JPG" server="ftp.riptide7.com/www/mylittleemailbuilder.com/" local="131347580160000000" remote="131376361200000000" Dst="2" />
<file name="721Skyline.jpg" server="ftp.riptide7.com/www/mylittleemailbuilder.com/" local="131345015020000000" remote="131376361200000000" Dst="2" />
<file name="726SD-International-Airport-Sign.jpg" server="ftp.riptide7.com/www/mylittleemailbuilder.com/" local="131345009320000000" remote="131376361200000000" Dst="2" />
<file name="725best-coast-beer-fest.jpg" server="ftp.riptide7.com/www/mylittleemailbuilder.com/" local="131333093740000000" remote="131376361200000000" Dst="2" />
<file name="731IMG_20170328_103423516_HDR-640x360.jpg" server="ftp.riptide7.com/www/mylittleemailbuilder.com/" local="131354523420000000" remote="131376361200000000" Dst="2" />
<file name="741Capture.JPG" server="ftp.riptide7.com/www/mylittleemailbuilder.com/" local="131351077080000000" remote="131376361200000000" Dst="2" />
<file name="773extreme sailing series.jpg" server="ftp.riptide7.com/www/mylittleemailbuilder.com/" local="131344995680000000" remote="131376361200000000" Dst="2" />
<file name="755Capture.JPG" server="ftp.riptide7.com/www/mylittleemailbuilder.com/" local="131345911420000000" remote="131376361200000000" Dst="2" />
<file name="764bayside-sdta-banners-mar-2017-c.jpg" server="ftp.riptide7.com/www/mylittleemailbuilder.com/" local="131339151280000000" remote="131376361200000000" Dst="2" />
<file name="777Capture.JPG" server="ftp.riptide7.com/www/mylittleemailbuilder.com/" local="131338986240000000" remote="131376361200000000" Dst="2" />
<file name="787sd-1490140029-eq5gughev9-snap-photo.jpg" server="ftp.riptide7.com/www/mylittleemailbuilder.com/" local="131346793880000000" remote="131376361200000000" Dst="2" />
<file name="791Capture.JPG" server="ftp.riptide7.com/www/mylittleemailbuilder.com/" local="131342449060000000" remote="131376361200000000" Dst="2" />
<file name="799ustajanuary2016infographiceditorial_0.jpg" server="ftp.riptide7.com/www/mylittleemailbuilder.com/" local="131340765560000000" remote="131376361200000000" Dst="2" />
<file name="817SpringFlowers.jpg" server="ftp.riptide7.com/www/mylittleemailbuilder.com/" local="131344989720000000" remote="131376361200000000" Dst="2" />
<file name="822Capture.JPG" server="ftp.riptide7.com/www/mylittleemailbuilder.com/" local="131346797260000000" remote="131376361200000000" Dst="2" />
<file name="833Imperial-Beach-Dog-Surfing-2015-17-640x360.jpg" server="ftp.riptide7.com/www/mylittleemailbuilder.com/" local="131338993100000000" remote="131376361200000000" Dst="2" />
<file name="834Soccer-City-Stadium.jpg" server="ftp.riptide7.com/www/mylittleemailbuilder.com/" local="131336422740000000" remote="131376361200000000" Dst="2" />
<file name="837Travel Ban Preparatio_Smit _OP_3_CP__1488409222057_56129950_ver1.0_640_480.jpg" server="ftp.riptide7.com/www/mylittleemailbuilder.com/" local="131339790720000000" remote="131376361200000000" Dst="2" />
<file name="853alaskaairsandiego.jpg" server="ftp.riptide7.com/www/mylittleemailbuilder.com/" local="131340690420000000" remote="131376361200000000" Dst="2" />
<file name="857borregoskyfixed.jpg" server="ftp.riptide7.com/www/mylittleemailbuilder.com/" local="131340931740000000" remote="131376361200000000" Dst="2" />
<file name="857Andaz_San_Diego_Room_t575.jpg" server="ftp.riptide7.com/www/mylittleemailbuilder.com/" local="131346801020000000" remote="131376361200000000" Dst="2" />
<file name="864libertystatue.jpg" server="ftp.riptide7.com/www/mylittleemailbuilder.com/" local="131336327160000000" remote="131376361200000000" Dst="2" />
<file name="868SWC_Magic-2017_540x215_static.jpg" server="ftp.riptide7.com/www/mylittleemailbuilder.com/" local="131345250940000000" remote="131376361200000000" Dst="2" />
<file name="866Mission-Beach-aerial-John-Bahu-600x300.jpg" server="ftp.riptide7.com/www/mylittleemailbuilder.com/" local="131352109700000000" remote="131376361200000000" Dst="2" />
<file name="89sd-1489522569-e2sod9hrmw-snap-photo.jpg" server="ftp.riptide7.com/www/mylittleemailbuilder.com/" local="131340766840000000" remote="131376361200000000" Dst="2" />
<file name="869preview-lightbox-GolfSwag_Graphic.jpg" server="ftp.riptide7.com/www/mylittleemailbuilder.com/" local="131352078060000000" remote="131376361200000000" Dst="2" />
<file name="926ballast.jpg" server="ftp.riptide7.com/www/mylittleemailbuilder.com/" local="131341533120000000" remote="131376361200000000" Dst="2" />
<file name="913156Capture.JPG" server="ftp.riptide7.com/www/mylittleemailbuilder.com/" local="131351076180000000" remote="131376361200000000" Dst="2" />
<file name="942Sportfishing 2012.jpg" server="ftp.riptide7.com/www/mylittleemailbuilder.com/" local="131344990300000000" remote="131376361200000000" Dst="2" />
<file name="952homeless-589826_640-640x360.jpg" server="ftp.riptide7.com/www/mylittleemailbuilder.com/" local="131345907340000000" remote="131376361200000000" Dst="2" />
<file name="953Downtown-San-Diego-at-Night.jpg" server="ftp.riptide7.com/www/mylittleemailbuilder.com/" local="131339984660000000" remote="131376361200000000" Dst="2" />
<file name="971CrownPointNeighborhoodSigns_VOSD_02-e1436823894327.jpg" server="ftp.riptide7.com/www/mylittleemailbuilder.com/" local="131353571060000000" remote="131376361200000000" Dst="2" />
<file name="988LGarcia_HWY101-600x300.jpg" server="ftp.riptide7.com/www/mylittleemailbuilder.com/" local="131333091560000000" remote="131376361200000000" Dst="2" />
<file name="994sd-1490825492-5ubjb7ctz5-snap-image.jpg" server="ftp.riptide7.com/www/mylittleemailbuilder.com/" local="131353572540000000" remote="131376361200000000" Dst="2" />
</dwsync>